Account_ID,Customer_ID,Account_Type,Branch_Code,Opened_Date,Is_Active,Avg_Balance,Overdraft_Limit
ACC00001,CUST0211,Salary,B003,2020-02-20,Yes,164481.98,31895.09
ACC00002,CUST0028,Salary,B003,2023-05-14,Yes,104478.93,49258.73
ACC00003,CUST0051,Salary,B002,2021-05-01,Yes,148566.76,38400.27
ACC00004,CUST0261,Salary,B003,2023-10-30,Yes,105014.93,21718.07
ACC00005,CUST0261,Current,B002,2023-03-08,No,174573.19,22322.1
ACC00006,CUST0008,NRI,B003,2023-06-08,No,83541.29,30938.6
ACC00007,CUST0138,Current,B005,2022-04-17,No,194195.89,33268.26
ACC00008,CUST0038,Current,B005,2021-10-24,Yes,186802.94,25035.55
ACC00009,CUST0111,Current,B002,2022-08-13,Yes,149612.51,32243.06
ACC00010,CUST0220,NRI,B005,2019-09-17,Yes,59486.1,1176.62
ACC00011,CUST0223,Savings,B002,2021-03-22,No,30672.45,21481.14
ACC00012,CUST0136,NRI,B005,2020-01-22,Yes,171667.17,13946.9
ACC00013,CUST0256,Current,B005,2018-05-08,Yes,37233.95,6458.72
ACC00014,CUST0049,Salary,B002,2018-09-12,Yes,171580.85,4977.33
ACC00015,CUST0292,Salary,B004,2023-07-07,Yes,100699.18,30159.61
ACC00016,CUST0078,Current,B005,2023-07-09,Yes,84278.57,26180.03
ACC00017,CUST0105,Salary,B003,2022-09-29,Yes,181122.2,12679.21
ACC00018,CUST0169,Current,B004,2021-03-27,Yes,122750.94,23547.5
ACC00019,CUST0217,Salary,B002,2019-05-13,Yes,117439.73,24611.62
ACC00020,CUST0119,NRI,B004,2021-08-19,Yes,113959.36,9750.45
ACC00021,CUST0190,Savings,B001,2021-05-25,Yes,77378.06,32604.65
ACC00022,CUST0255,Savings,B001,2023-05-09,Yes,158200.41,39045.97
ACC00023,CUST0266,NRI,B005,2018-08-03,Yes,54295.7,39573.18
ACC00024,CUST0149,NRI,B005,2022-03-06,Yes,188084.52,30123.49
ACC00025,CUST0164,Current,B003,2020-06-29,Yes,179327.11,25581.93
ACC00026,CUST0140,Current,B004,2022-01-30,Yes,70808.66,3050.36
ACC00027,CUST0258,Current,B001,2023-10-30,Yes,147245.44,14391.56
ACC00028,CUST0269,Salary,B005,2020-09-17,Yes,116778.52,4663.57
ACC00029,CUST0181,Current,B004,2020-03-08,Yes,70841.61,48191.16
ACC00030,CUST0160,NRI,B005,2017-12-23,Yes,197761.72,6754.01
ACC00031,CUST0288,Savings,B005,2021-06-13,Yes,9921.28,7588.77
ACC00032,CUST0288,Salary,B001,2023-05-11,No,54265.98,44478.83
ACC00033,CUST0226,Current,B001,2022-06-30,Yes,106414.44,47196.41
ACC00034,CUST0011,Salary,B005,2023-06-17,Yes,106780.84,38291.45
ACC00035,CUST0010,Salary,B002,2019-05-20,Yes,119841.95,270.25
ACC00036,CUST0271,Current,B005,2019-06-05,No,151576.85,67.31
ACC00037,CUST0273,Salary,B005,2022-06-25,Yes,126578.18,18905.04
ACC00038,CUST0183,Savings,B003,2023-01-11,Yes,122054.88,7169.77
ACC00039,CUST0153,NRI,B003,2020-11-14,Yes,15435.32,919.31
ACC00040,CUST0124,NRI,B003,2020-07-07,Yes,78423.41,23203.33
ACC00041,CUST0114,Savings,B002,2018-09-12,Yes,50250.87,47153.09
ACC00042,CUST0278,Salary,B002,2019-06-02,Yes,56747.17,16190.98
ACC00043,CUST0213,Current,B005,2019-03-08,No,113095.81,33057.03
ACC00044,CUST0172,Salary,B003,2022-12-13,Yes,43903.54,32611.77
ACC00045,CUST0288,Savings,B002,2020-07-20,Yes,62320.07,12554.01
ACC00046,CUST0174,Salary,B001,2018-09-11,Yes,51231.52,32521.26
ACC00047,CUST0113,NRI,B005,2022-01-09,Yes,189958.07,10616.7
ACC00048,CUST0122,Salary,B004,2017-09-02,Yes,189209.82,6100.37
ACC00049,CUST0032,Savings,B005,2023-11-03,No,123938.6,35069.16
ACC00050,CUST0222,NRI,B004,2019-07-19,Yes,185281.88,5672.04
ACC00051,CUST0119,Salary,B003,2020-06-24,Yes,158233.47,49845.46
ACC00052,CUST0039,Salary,B004,2018-06-04,Yes,120039.84,9172.62
ACC00053,CUST0268,NRI,B003,2023-08-07,Yes,6254.87,29707.09
ACC00054,CUST0233,Current,B001,2017-01-08,Yes,155640.68,20568.73
ACC00055,CUST0018,NRI,B004,2022-07-13,Yes,141985.23,6319.32
ACC00056,CUST0149,Current,B005,2018-05-10,Yes,124974.46,1392.2
ACC00057,CUST0149,Savings,B003,2021-06-18,Yes,153282.74,31136.61
ACC00058,CUST0126,Savings,B005,2019-11-29,Yes,105019.82,40337.88
ACC00059,CUST0238,NRI,B002,2017-07-06,No,142296.24,42100.78
ACC00060,CUST0135,NRI,B003,2022-02-21,Yes,187358.56,24135.67
ACC00061,CUST0151,Savings,B004,2022-11-11,Yes,78281.98,38872.77
ACC00062,CUST0236,Current,B003,2017-03-27,Yes,143083.76,33642.36
ACC00063,CUST0224,Savings,B005,2017-05-17,Yes,97759.12,36212.73
ACC00064,CUST0203,NRI,B001,2023-10-05,Yes,136507.93,24629.95
ACC00065,CUST0256,Savings,B003,2022-10-23,No,153764.2,31670.59
ACC00066,CUST0086,NRI,B004,2021-06-25,Yes,13863.24,40276.3
ACC00067,CUST0150,NRI,B002,2023-01-28,Yes,131087.09,19894.21
ACC00068,CUST0235,Savings,B001,2021-10-18,Yes,49214.53,40298.95
ACC00069,CUST0022,Current,B002,2023-01-27,Yes,135656.34,29600.84
ACC00070,CUST0285,Salary,B003,2021-11-23,Yes,96324.39,8295.05
ACC00071,CUST0269,Savings,B005,2019-05-22,Yes,155842.78,1234.21
ACC00072,CUST0258,Salary,B005,2023-06-28,Yes,29063.16,18137.68
ACC00073,CUST0029,Savings,B004,2019-08-02,Yes,127132.86,27334.82
ACC00074,CUST0213,Salary,B005,2021-06-15,Yes,59301.79,41991.02
ACC00075,CUST0283,Current,B001,2017-12-15,Yes,171331.49,6374.28
ACC00076,CUST0050,Current,B005,2021-08-04,Yes,186034.78,40010.32
ACC00077,CUST0095,Savings,B004,2020-04-11,Yes,199297.67,43150.45
ACC00078,CUST0088,NRI,B003,2017-01-10,No,160221.44,7534.37
ACC00079,CUST0044,Salary,B003,2021-01-01,Yes,151978.14,42579.72
ACC00080,CUST0278,NRI,B005,2018-10-29,Yes,47022.65,49572.68
ACC00081,CUST0171,NRI,B002,2021-03-03,Yes,70521.38,36341.94
ACC00082,CUST0189,NRI,B003,2022-12-17,Yes,95808.1,39238.48
ACC00083,CUST0184,Current,B005,2018-08-24,Yes,155809.3,49720.76
ACC00084,CUST0003,Savings,B004,2017-11-23,Yes,183418.34,30274.06
ACC00085,CUST0191,Savings,B005,2019-09-07,Yes,41882.12,15394.32
ACC00086,CUST0118,Current,B003,2023-09-18,No,184861.66,41876.54
ACC00087,CUST0019,Current,B004,2018-09-21,Yes,140646.81,30724.29
ACC00088,CUST0023,Savings,B005,2021-06-18,Yes,124100.29,29059.77
ACC00089,CUST0030,NRI,B001,2017-10-01,Yes,43969.05,12681.78
ACC00090,CUST0295,Salary,B004,2018-11-16,Yes,15827.38,37816.71
ACC00091,CUST0108,Salary,B001,2017-04-26,Yes,115850.66,4083.36
ACC00092,CUST0281,Salary,B002,2019-05-11,Yes,132045.56,46214.35
ACC00093,CUST0128,NRI,B004,2022-06-27,Yes,46102.38,16291.17
ACC00094,CUST0229,Savings,B001,2018-11-24,Yes,113508.96,6388.73
ACC00095,CUST0111,Current,B003,2020-01-11,Yes,172016.21,22118.33
ACC00096,CUST0136,Savings,B003,2023-06-30,Yes,167837.86,2123.5
ACC00097,CUST0186,NRI,B002,2022-12-02,Yes,185834.26,34231.31
ACC00098,CUST0144,Current,B004,2021-11-28,Yes,76347.73,45135.28
ACC00099,CUST0072,NRI,B004,2017-06-03,No,67019.67,41863.15
ACC00100,CUST0129,Salary,B004,2022-03-16,Yes,151138.07,6368.47
ACC00101,CUST0261,Salary,B002,2020-11-28,Yes,89066.92,6313.56
ACC00102,CUST0003,NRI,B004,2020-07-13,No,22071.99,40671.72
ACC00103,CUST0104,Current,B003,2017-11-11,Yes,60146.22,46212.71
ACC00104,CUST0224,Current,B001,2019-12-01,Yes,86623.55,23033.49
ACC00105,CUST0010,Savings,B003,2017-04-15,Yes,62040.7,24948.56
ACC00106,CUST0231,Salary,B003,2022-04-09,Yes,69780.09,15913.1
ACC00107,CUST0219,Savings,B001,2022-03-29,Yes,62286.3,44713.26
ACC00108,CUST0066,Savings,B003,2020-05-01,Yes,13092.34,32245.15
ACC00109,CUST0112,NRI,B002,2020-11-25,Yes,129233.47,14412.58
ACC00110,CUST0013,NRI,B001,2023-07-30,Yes,121472.02,14939.14
ACC00111,CUST0086,Savings,B003,2021-11-08,No,132409.78,44560.0
ACC00112,CUST0234,Salary,B005,2022-05-15,Yes,42500.43,681.7
ACC00113,CUST0090,NRI,B003,2021-05-23,Yes,62652.64,16136.33
ACC00114,CUST0054,Savings,B002,2018-12-10,No,125825.11,27717.83
ACC00115,CUST0012,Savings,B004,2018-10-13,Yes,121927.38,7410.87
ACC00116,CUST0209,Savings,B003,2019-08-05,No,103734.41,4604.94
ACC00117,CUST0014,Savings,B004,2018-10-23,Yes,73330.58,40763.82
ACC00118,CUST0121,Savings,B005,2022-11-17,Yes,183021.55,44720.22
ACC00119,CUST0020,Savings,B003,2023-05-19,Yes,71255.2,41180.32
ACC00120,CUST0075,NRI,B001,2023-09-17,Yes,93845.74,44939.39
ACC00121,CUST0243,Salary,B004,2020-02-07,Yes,137232.2,27655.6
ACC00122,CUST0223,Savings,B005,2018-12-01,No,110889.18,40612.91
ACC00123,CUST0070,Current,B001,2023-02-25,Yes,72642.77,19202.13
ACC00124,CUST0211,NRI,B001,2022-08-01,Yes,89950.73,33313.39
ACC00125,CUST0101,NRI,B001,2023-07-03,No,159923.76,49441.78
ACC00126,CUST0186,Savings,B001,2023-01-11,Yes,59235.19,11286.39
ACC00127,CUST0132,NRI,B003,2018-07-06,Yes,32739.77,19494.99
ACC00128,CUST0111,Savings,B003,2018-02-09,No,66066.82,24002.37
ACC00129,CUST0132,Salary,B003,2018-04-07,Yes,170659.17,6900.77
ACC00130,CUST0020,Salary,B005,2022-12-20,Yes,22352.99,4051.93
ACC00131,CUST0024,NRI,B005,2019-05-24,No,198380.73,41486.14
ACC00132,CUST0227,NRI,B005,2017-03-25,Yes,110495.57,48839.72
ACC00133,CUST0154,Current,B002,2020-11-23,Yes,197044.92,20236.25
ACC00134,CUST0293,NRI,B005,2017-08-09,Yes,188104.3,4382.49
ACC00135,CUST0230,Current,B003,2020-10-23,Yes,93298.67,3290.59
ACC00136,CUST0202,Salary,B003,2017-04-22,No,43705.76,44565.91
ACC00137,CUST0038,Salary,B002,2018-09-07,Yes,37152.53,23190.71
ACC00138,CUST0260,Savings,B002,2021-05-01,Yes,51797.93,16001.37
ACC00139,CUST0188,Salary,B005,2018-04-20,Yes,143475.86,23823.06
ACC00140,CUST0057,Current,B004,2022-03-29,Yes,58225.25,15915.2
ACC00141,CUST0020,NRI,B002,2017-09-28,Yes,71577.93,24451.79
ACC00142,CUST0273,Savings,B001,2023-10-05,Yes,92511.87,42977.82
ACC00143,CUST0119,Current,B003,2022-04-05,Yes,183080.37,29615.07
ACC00144,CUST0071,NRI,B001,2020-10-22,Yes,41931.72,34732.69
ACC00145,CUST0004,Savings,B003,2017-02-09,Yes,5980.18,18233.53
ACC00146,CUST0221,Salary,B003,2022-06-06,Yes,16718.8,36925.29
ACC00147,CUST0014,Current,B002,2023-02-15,Yes,181429.44,33330.85
ACC00148,CUST0003,NRI,B002,2019-09-21,Yes,131265.71,5978.1
ACC00149,CUST0216,Savings,B001,2022-07-06,Yes,58242.92,28632.14
ACC00150,CUST0229,Savings,B003,2017-10-17,Yes,39552.54,12837.17
ACC00151,CUST0186,Salary,B001,2023-10-17,Yes,62382.01,40204.78
ACC00152,CUST0055,NRI,B004,2017-10-06,Yes,27385.4,21296.89
ACC00153,CUST0254,Salary,B001,2018-08-04,Yes,188598.92,49734.21
ACC00154,CUST0024,Salary,B005,2019-05-13,Yes,157920.2,4625.02
ACC00155,CUST0162,NRI,B001,2017-09-11,Yes,95166.28,39017.39
ACC00156,CUST0158,NRI,B005,2017-06-30,Yes,173667.71,33685.09
ACC00157,CUST0082,NRI,B005,2018-11-12,No,53644.35,38374.94
ACC00158,CUST0159,Current,B005,2019-04-05,Yes,144838.51,15376.49
ACC00159,CUST0188,NRI,B004,2018-12-01,Yes,171945.84,24602.72
ACC00160,CUST0060,Savings,B001,2020-09-11,No,74569.9,39825.43
ACC00161,CUST0211,Salary,B001,2020-10-12,Yes,152705.57,11627.07
ACC00162,CUST0152,Current,B004,2021-08-01,No,62539.11,11301.66
ACC00163,CUST0109,NRI,B003,2023-09-05,Yes,63277.14,27552.55
ACC00164,CUST0076,Current,B002,2021-06-27,Yes,25876.15,26178.18
ACC00165,CUST0030,NRI,B001,2022-05-12,Yes,90811.32,14113.12
ACC00166,CUST0117,Current,B002,2017-07-31,Yes,147293.82,14903.78
ACC00167,CUST0192,Salary,B004,2021-03-19,Yes,188343.06,13892.26
ACC00168,CUST0019,Salary,B003,2018-01-19,Yes,122740.41,38575.6
ACC00169,CUST0173,Savings,B003,2021-09-11,Yes,173311.43,32595.04
ACC00170,CUST0228,Savings,B003,2017-12-08,Yes,165386.46,41620.86
ACC00171,CUST0183,NRI,B004,2022-01-13,Yes,38801.9,48773.65
ACC00172,CUST0113,Salary,B005,2022-06-11,Yes,99734.4,23708.21
ACC00173,CUST0183,Current,B005,2019-04-24,No,27800.09,3334.69
ACC00174,CUST0146,Current,B002,2021-03-15,Yes,138019.87,2404.62
ACC00175,CUST0116,Current,B005,2018-02-24,Yes,190230.44,14783.25
ACC00176,CUST0113,Savings,B005,2022-06-12,Yes,31732.44,46627.23
ACC00177,CUST0251,Current,B003,2022-04-17,Yes,148107.21,26160.65
ACC00178,CUST0251,Savings,B003,2022-01-24,Yes,128286.44,13589.33
ACC00179,CUST0118,Savings,B002,2017-11-02,Yes,118802.98,19958.34
ACC00180,CUST0161,NRI,B001,2019-05-19,Yes,81073.45,29929.76
ACC00181,CUST0198,Current,B002,2020-02-10,Yes,74250.67,32647.48
ACC00182,CUST0260,Current,B002,2020-12-05,Yes,13823.59,7695.98
ACC00183,CUST0148,Salary,B004,2017-07-25,Yes,47492.2,48851.58
ACC00184,CUST0240,NRI,B004,2018-05-11,Yes,7959.49,27238.61
ACC00185,CUST0047,Salary,B002,2022-03-25,Yes,118376.34,6784.42
ACC00186,CUST0198,NRI,B002,2019-11-12,Yes,25641.38,44681.76
ACC00187,CUST0047,Current,B002,2017-08-01,Yes,175238.78,3731.92
ACC00188,CUST0078,Savings,B005,2017-11-06,Yes,107012.89,45386.77
ACC00189,CUST0124,Savings,B004,2022-06-15,Yes,141439.53,49828.28
ACC00190,CUST0075,Savings,B002,2017-09-29,Yes,85117.13,35021.59
ACC00191,CUST0137,Savings,B003,2021-12-28,Yes,114313.06,38522.36
ACC00192,CUST0090,Savings,B003,2022-09-11,Yes,188818.54,16865.14
ACC00193,CUST0061,Salary,B005,2018-03-19,Yes,21133.14,47078.84
ACC00194,CUST0138,NRI,B005,2023-01-19,Yes,54517.87,26485.7
ACC00195,CUST0050,Current,B001,2017-09-11,Yes,157097.72,36619.42
ACC00196,CUST0259,Salary,B001,2018-06-05,Yes,24253.76,46205.39
ACC00197,CUST0107,NRI,B001,2019-09-04,Yes,19753.92,48759.0
ACC00198,CUST0113,Savings,B005,2017-01-10,Yes,75500.57,41660.22
ACC00199,CUST0254,NRI,B005,2021-05-03,Yes,22972.75,15150.88
ACC00200,CUST0118,NRI,B005,2023-10-20,Yes,119090.3,48327.38
ACC00201,CUST0198,Savings,B003,2020-02-09,No,49123.67,31405.98
ACC00202,CUST0051,Savings,B005,2017-06-02,Yes,179661.1,46532.12
ACC00203,CUST0245,Savings,B003,2021-07-17,Yes,157782.52,33805.25
ACC00204,CUST0035,Current,B001,2022-01-31,Yes,141442.52,15361.95
ACC00205,CUST0069,Savings,B001,2020-04-29,Yes,125304.09,18501.23
ACC00206,CUST0049,Current,B001,2021-10-19,Yes,173375.82,27523.59
ACC00207,CUST0074,Savings,B002,2020-01-10,Yes,48497.1,39500.74
ACC00208,CUST0192,Current,B002,2019-06-14,Yes,175256.22,15899.13
ACC00209,CUST0261,NRI,B004,2020-01-17,Yes,158951.0,28986.56
ACC00210,CUST0070,Salary,B004,2017-04-14,Yes,150891.36,17281.25
ACC00211,CUST0090,NRI,B004,2022-03-30,No,114444.86,40788.47
ACC00212,CUST0260,NRI,B002,2019-10-04,No,53017.61,23336.4
ACC00213,CUST0126,Savings,B002,2018-02-11,Yes,87591.84,3836.14
ACC00214,CUST0231,Current,B004,2020-11-02,Yes,159746.28,8302.63
ACC00215,CUST0295,Salary,B004,2017-06-16,Yes,11196.8,3055.23
ACC00216,CUST0129,Savings,B005,2018-05-24,Yes,157499.9,24965.15
ACC00217,CUST0280,Savings,B004,2021-07-20,Yes,51813.79,5316.86
ACC00218,CUST0100,Savings,B005,2023-06-19,Yes,33140.29,5707.0
ACC00219,CUST0297,NRI,B003,2019-02-02,Yes,27561.76,47052.41
ACC00220,CUST0182,Current,B002,2018-11-12,No,10313.75,43632.75
ACC00221,CUST0174,Current,B004,2022-10-22,Yes,107099.36,22604.33
ACC00222,CUST0188,Salary,B002,2020-03-10,Yes,47560.68,49290.27
ACC00223,CUST0057,Current,B002,2018-08-05,Yes,197939.19,9.33
ACC00224,CUST0031,Current,B002,2017-09-19,Yes,117015.17,30698.97
ACC00225,CUST0084,Savings,B003,2020-09-25,Yes,31887.63,30821.41
ACC00226,CUST0152,Savings,B001,2020-08-24,Yes,139308.7,22872.15
ACC00227,CUST0036,NRI,B004,2023-04-12,Yes,180060.0,19847.4
ACC00228,CUST0213,Savings,B001,2021-03-19,Yes,150310.0,22769.16
ACC00229,CUST0106,Savings,B001,2018-07-15,Yes,19905.77,20748.02
ACC00230,CUST0220,Savings,B001,2020-01-05,Yes,179697.42,36524.62
ACC00231,CUST0163,Savings,B002,2022-03-19,Yes,159816.23,6767.77
ACC00232,CUST0220,NRI,B005,2017-06-24,Yes,35869.26,9881.96
ACC00233,CUST0270,Savings,B002,2022-11-27,Yes,15098.25,9025.91
ACC00234,CUST0120,Salary,B002,2023-02-09,Yes,113675.56,13123.53
ACC00235,CUST0182,Salary,B001,2017-07-11,Yes,35426.98,26262.92
ACC00236,CUST0106,Salary,B002,2017-03-06,Yes,167745.24,5560.44
ACC00237,CUST0217,Salary,B001,2021-02-06,No,74875.26,43408.46
ACC00238,CUST0205,Savings,B005,2021-04-17,Yes,183014.03,14868.08
ACC00239,CUST0070,Salary,B004,2020-02-26,Yes,115309.19,8126.9
ACC00240,CUST0044,Savings,B001,2022-04-22,Yes,40621.11,33781.07
ACC00241,CUST0228,NRI,B005,2018-01-04,Yes,32221.78,1904.32
ACC00242,CUST0184,Salary,B004,2019-05-01,Yes,117412.13,30998.43
ACC00243,CUST0107,Current,B003,2017-02-12,Yes,153567.3,34909.92
ACC00244,CUST0084,Salary,B001,2022-03-23,Yes,157393.6,10745.83
ACC00245,CUST0250,Salary,B001,2017-03-19,Yes,58772.69,2098.2
ACC00246,CUST0021,Savings,B003,2021-12-30,No,44828.12,18182.27
ACC00247,CUST0196,Salary,B003,2020-07-17,Yes,8267.48,4929.71
ACC00248,CUST0178,Current,B001,2018-11-05,Yes,137443.83,5823.89
ACC00249,CUST0007,Savings,B003,2018-12-02,No,19930.81,12713.06
ACC00250,CUST0070,Savings,B002,2019-01-29,Yes,87048.43,14773.4
ACC00251,CUST0127,NRI,B004,2022-04-08,Yes,122328.02,26498.52
ACC00252,CUST0160,NRI,B004,2019-06-21,Yes,187736.24,33919.59
ACC00253,CUST0248,Salary,B004,2019-09-20,Yes,65801.42,29638.55
ACC00254,CUST0203,NRI,B002,2020-04-06,Yes,53705.57,7418.02
ACC00255,CUST0148,NRI,B003,2023-07-15,Yes,132561.23,8604.3
ACC00256,CUST0143,NRI,B005,2023-02-19,Yes,125751.61,43938.46
ACC00257,CUST0199,Savings,B003,2021-01-16,Yes,69761.41,27917.62
ACC00258,CUST0154,Savings,B001,2023-05-20,Yes,185979.86,43496.89
ACC00259,CUST0142,Savings,B004,2018-01-25,Yes,169748.15,18577.33
ACC00260,CUST0165,NRI,B003,2019-09-27,Yes,48676.6,30720.0
ACC00261,CUST0021,Savings,B005,2018-06-09,No,51632.8,26183.17
ACC00262,CUST0082,NRI,B001,2022-01-30,Yes,104898.57,15956.17
ACC00263,CUST0069,Savings,B002,2021-02-15,No,155846.56,23495.77
ACC00264,CUST0131,Savings,B002,2018-10-21,No,13587.87,25124.54
ACC00265,CUST0087,Current,B005,2019-06-10,Yes,140200.35,10038.55
ACC00266,CUST0218,Salary,B001,2021-01-21,Yes,131406.0,15750.52
ACC00267,CUST0161,NRI,B004,2018-03-28,Yes,50138.62,39570.49
ACC00268,CUST0178,Current,B003,2023-10-12,Yes,137863.84,45789.41
ACC00269,CUST0117,Savings,B001,2021-03-18,Yes,188335.72,17989.7
ACC00270,CUST0196,NRI,B002,2019-06-02,Yes,14123.24,15348.61
ACC00271,CUST0086,Savings,B005,2017-11-09,Yes,67332.15,9759.86
ACC00272,CUST0289,Salary,B005,2019-04-20,No,90444.46,33924.56
ACC00273,CUST0081,Current,B003,2018-01-10,No,180355.77,16154.99
ACC00274,CUST0152,Salary,B005,2018-03-27,Yes,192640.98,49387.48
ACC00275,CUST0061,Current,B005,2018-08-18,Yes,91602.47,16284.24
ACC00276,CUST0061,Savings,B001,2020-05-18,Yes,151255.54,19706.8
ACC00277,CUST0028,Salary,B004,2018-05-15,Yes,108673.9,30166.71
ACC00278,CUST0043,Salary,B003,2018-04-09,Yes,109867.67,40084.21
ACC00279,CUST0169,Savings,B001,2017-04-23,Yes,59229.41,23475.93
ACC00280,CUST0086,Salary,B004,2019-11-02,Yes,47306.47,21132.8
ACC00281,CUST0177,NRI,B001,2023-07-07,No,61161.04,49781.89
ACC00282,CUST0017,Current,B001,2022-04-09,Yes,113483.96,524.68
ACC00283,CUST0098,Current,B005,2017-05-20,Yes,10685.26,44753.26
ACC00284,CUST0198,Current,B004,2020-11-25,Yes,181913.54,7457.04
ACC00285,CUST0098,NRI,B003,2018-06-01,Yes,35475.32,39296.26
ACC00286,CUST0065,Current,B003,2022-05-02,Yes,47917.29,30896.58
ACC00287,CUST0005,Savings,B004,2022-12-06,No,106063.85,17092.36
ACC00288,CUST0002,Salary,B005,2019-06-07,Yes,143472.38,43693.75
ACC00289,CUST0022,NRI,B002,2020-09-03,Yes,23667.17,645.36
ACC00290,CUST0112,Current,B001,2017-02-19,Yes,66950.47,11334.53
ACC00291,CUST0057,Savings,B005,2017-01-19,Yes,193891.55,28344.64
ACC00292,CUST0066,Salary,B004,2018-12-27,Yes,56156.88,17577.11
ACC00293,CUST0098,Salary,B001,2023-02-23,Yes,66044.78,30518.87
ACC00294,CUST0144,NRI,B003,2021-01-13,Yes,168117.21,1205.51
ACC00295,CUST0125,NRI,B002,2018-03-28,Yes,14791.81,5822.95
ACC00296,CUST0167,NRI,B003,2023-05-26,Yes,95599.57,6354.81
ACC00297,CUST0086,Savings,B004,2020-03-10,Yes,79025.27,9464.18
ACC00298,CUST0076,Savings,B001,2020-01-13,No,66734.42,22966.57
ACC00299,CUST0294,NRI,B004,2023-09-05,Yes,60711.42,37606.43
ACC00300,CUST0059,Current,B001,2017-08-03,Yes,22817.95,45276.94
ACC00301,CUST0138,Salary,B005,2021-03-30,Yes,66391.04,41768.63
ACC00302,CUST0099,Salary,B002,2023-03-13,Yes,13395.22,9844.39
ACC00303,CUST0192,Savings,B005,2017-05-08,Yes,157287.95,22057.53
ACC00304,CUST0243,Salary,B005,2022-01-20,Yes,82654.42,9970.58
ACC00305,CUST0049,Current,B004,2019-01-30,Yes,91561.25,13223.59
ACC00306,CUST0032,Salary,B002,2023-09-18,No,179250.94,25177.35
ACC00307,CUST0277,Savings,B001,2021-12-21,Yes,133320.72,3405.45
ACC00308,CUST0020,Savings,B001,2023-07-14,No,6571.53,10908.72
ACC00309,CUST0154,Current,B003,2017-12-27,Yes,188919.09,46768.91
ACC00310,CUST0068,Current,B001,2018-07-23,No,51243.17,23305.81
ACC00311,CUST0214,Salary,B004,2020-11-16,Yes,25984.77,22269.33
ACC00312,CUST0143,Salary,B005,2023-03-16,Yes,154784.99,728.36
ACC00313,CUST0232,Savings,B005,2021-05-17,No,102593.08,12369.99
ACC00314,CUST0213,Current,B005,2021-08-20,Yes,89585.26,43314.62
ACC00315,CUST0079,Current,B002,2017-07-21,No,53653.1,8231.42
ACC00316,CUST0214,Current,B001,2022-08-27,Yes,111756.94,20756.25
ACC00317,CUST0116,Salary,B004,2023-06-28,Yes,58505.0,716.55
ACC00318,CUST0092,Current,B002,2018-06-02,Yes,180808.69,23916.77
ACC00319,CUST0270,Savings,B003,2020-09-10,No,46964.87,1051.06
ACC00320,CUST0168,Savings,B004,2020-12-06,Yes,177449.25,40980.48
ACC00321,CUST0058,Salary,B004,2020-09-03,Yes,114084.06,41242.69
ACC00322,CUST0284,NRI,B004,2018-11-12,Yes,166555.19,39387.11
ACC00323,CUST0026,Salary,B005,2022-06-12,Yes,144004.97,14168.2
ACC00324,CUST0066,NRI,B004,2021-01-31,Yes,140855.55,41861.86
ACC00325,CUST0248,Current,B001,2018-03-01,Yes,68247.43,27149.91
ACC00326,CUST0254,Salary,B004,2022-05-23,Yes,50609.9,18690.41
ACC00327,CUST0044,Savings,B005,2021-09-09,Yes,46122.81,31266.5
ACC00328,CUST0097,Current,B004,2023-09-01,Yes,172152.37,617.05
ACC00329,CUST0042,Savings,B003,2019-02-17,No,164983.23,7148.04
ACC00330,CUST0227,Current,B003,2022-11-16,Yes,90911.84,37114.68
ACC00331,CUST0262,Salary,B005,2022-01-01,Yes,30818.9,12208.08
ACC00332,CUST0167,NRI,B001,2017-07-27,Yes,79539.19,29900.46
ACC00333,CUST0279,Current,B001,2021-03-18,Yes,125771.97,19255.13
ACC00334,CUST0089,NRI,B002,2021-07-18,Yes,93608.62,42740.29
ACC00335,CUST0178,Current,B005,2023-01-23,Yes,157136.91,47620.77
ACC00336,CUST0197,Savings,B004,2017-01-22,Yes,199536.45,44178.24
ACC00337,CUST0267,Savings,B005,2017-06-03,No,42270.76,13531.0
ACC00338,CUST0268,Current,B002,2022-05-17,Yes,94631.91,9708.14
ACC00339,CUST0074,NRI,B005,2017-08-07,No,89041.86,23721.74
ACC00340,CUST0008,Salary,B005,2018-10-31,No,64376.04,366.71
ACC00341,CUST0297,Salary,B002,2021-02-27,Yes,43628.63,1290.47
ACC00342,CUST0164,Savings,B001,2023-03-28,Yes,17809.96,27664.53
ACC00343,CUST0085,Salary,B004,2022-08-30,Yes,177988.27,26022.47
ACC00344,CUST0072,Savings,B002,2019-08-08,Yes,86870.5,49729.1
ACC00345,CUST0055,Salary,B003,2023-01-05,Yes,101894.63,10092.09
ACC00346,CUST0047,Current,B001,2018-02-07,Yes,183803.7,12905.2
ACC00347,CUST0238,Savings,B003,2018-08-19,Yes,156376.64,5677.03
ACC00348,CUST0104,Savings,B001,2023-08-12,Yes,30447.75,45877.15
ACC00349,CUST0210,Current,B004,2020-12-08,Yes,115256.89,38890.56
ACC00350,CUST0042,Savings,B004,2020-03-03,Yes,91239.19,41116.96
ACC00351,CUST0268,Salary,B005,2021-10-09,No,160456.16,45138.19
ACC00352,CUST0263,Salary,B003,2020-07-30,Yes,146225.35,26245.0
ACC00353,CUST0259,Savings,B001,2017-03-14,Yes,139629.12,22559.66
ACC00354,CUST0283,Salary,B004,2018-04-26,Yes,71406.24,16519.57
ACC00355,CUST0114,NRI,B002,2018-07-14,Yes,161967.93,29460.73
ACC00356,CUST0040,Savings,B004,2019-01-15,Yes,15216.3,22713.92
ACC00357,CUST0220,Current,B002,2021-01-06,No,36126.86,22578.28
ACC00358,CUST0129,NRI,B001,2017-04-10,Yes,70446.54,46846.39
ACC00359,CUST0008,Savings,B004,2019-12-19,Yes,19977.45,49201.58
ACC00360,CUST0101,Current,B004,2023-04-25,Yes,50823.88,39824.22
ACC00361,CUST0176,Salary,B001,2018-02-17,No,166879.44,37837.9
ACC00362,CUST0107,Current,B004,2019-12-25,Yes,189909.05,34027.91
ACC00363,CUST0101,NRI,B002,2020-03-23,Yes,64397.46,8303.74
ACC00364,CUST0260,Salary,B004,2022-07-02,Yes,56580.58,2955.29
ACC00365,CUST0246,Savings,B003,2023-05-03,Yes,59579.07,34536.32
ACC00366,CUST0275,Salary,B005,2019-04-01,Yes,59155.22,36439.31
ACC00367,CUST0032,Savings,B002,2018-10-24,Yes,12006.39,2348.65
ACC00368,CUST0137,Savings,B003,2018-07-14,No,185748.69,46402.59
ACC00369,CUST0012,Current,B001,2020-06-25,Yes,46671.14,4557.03
ACC00370,CUST0016,Current,B002,2021-12-19,Yes,86900.79,14295.03
ACC00371,CUST0129,Current,B005,2018-09-02,Yes,6888.94,33619.49
ACC00372,CUST0063,NRI,B005,2023-09-28,Yes,172301.24,8493.63
ACC00373,CUST0109,NRI,B001,2017-01-25,Yes,147575.68,2770.79
ACC00374,CUST0021,Current,B001,2022-07-22,Yes,189617.43,16557.32
ACC00375,CUST0158,NRI,B002,2017-10-11,No,157415.02,38298.58
ACC00376,CUST0269,Salary,B004,2021-01-12,Yes,66172.77,20683.93
ACC00377,CUST0162,Salary,B001,2017-10-28,Yes,53335.3,32648.65
ACC00378,CUST0260,NRI,B004,2019-12-28,Yes,141054.68,28980.95
ACC00379,CUST0102,NRI,B003,2019-10-28,Yes,76001.99,1110.92
ACC00380,CUST0223,Salary,B005,2019-03-28,Yes,115411.93,49427.0
ACC00381,CUST0059,Savings,B004,2017-03-24,Yes,6220.21,2071.4
ACC00382,CUST0247,Salary,B005,2022-04-05,Yes,17067.71,48390.14
ACC00383,CUST0128,Salary,B004,2022-09-25,No,109396.75,27493.21
ACC00384,CUST0283,NRI,B003,2018-09-10,Yes,115383.97,48157.95
ACC00385,CUST0025,Salary,B001,2023-04-29,Yes,151533.32,5737.68
ACC00386,CUST0131,NRI,B003,2017-06-25,Yes,30733.24,24520.43
ACC00387,CUST0196,NRI,B001,2020-04-04,No,105070.7,8475.2
ACC00388,CUST0281,Current,B001,2019-04-22,Yes,42917.29,2548.74
ACC00389,CUST0154,Salary,B005,2018-01-05,Yes,23173.24,30876.46
ACC00390,CUST0133,Savings,B003,2021-12-24,Yes,85046.68,10389.17
ACC00391,CUST0227,Current,B004,2022-10-03,Yes,36850.65,29384.85
ACC00392,CUST0189,NRI,B003,2018-11-21,Yes,48247.49,5618.22
ACC00393,CUST0265,NRI,B005,2021-11-15,Yes,66923.14,16599.32
ACC00394,CUST0134,Savings,B001,2020-09-26,Yes,55580.74,39081.63
ACC00395,CUST0211,NRI,B005,2020-12-03,Yes,22080.3,21852.58
ACC00396,CUST0060,Salary,B002,2018-01-02,Yes,22533.67,31387.27
ACC00397,CUST0213,Current,B002,2018-10-06,Yes,42683.64,32372.9
ACC00398,CUST0216,NRI,B004,2023-08-24,Yes,14859.04,42187.75
ACC00399,CUST0226,NRI,B005,2017-03-14,Yes,127159.12,16246.14
ACC00400,CUST0131,Savings,B004,2020-06-25,No,61028.71,34364.78
ACC00401,CUST0076,Salary,B004,2019-05-10,Yes,59550.46,48080.79
ACC00402,CUST0286,NRI,B002,2017-02-12,No,69739.67,36512.17
ACC00403,CUST0277,Savings,B004,2023-08-22,Yes,134245.27,24493.52
ACC00404,CUST0156,NRI,B002,2019-12-01,Yes,174773.61,31535.87
ACC00405,CUST0248,Savings,B001,2023-01-27,No,153021.95,36984.14
ACC00406,CUST0218,Savings,B005,2023-03-10,Yes,146868.2,30613.79
ACC00407,CUST0190,Salary,B004,2021-02-25,Yes,99456.28,833.79
ACC00408,CUST0163,NRI,B002,2022-09-18,Yes,140292.08,9738.67
ACC00409,CUST0180,Salary,B003,2018-01-04,Yes,112788.66,40523.41
ACC00410,CUST0034,Savings,B004,2017-05-31,Yes,47168.85,13632.53
ACC00411,CUST0041,Current,B001,2020-02-09,Yes,45674.73,36578.11
ACC00412,CUST0075,NRI,B001,2021-02-12,Yes,62796.44,18606.01
ACC00413,CUST0279,Current,B003,2020-12-30,Yes,182606.52,26094.22
ACC00414,CUST0176,NRI,B002,2019-12-07,Yes,111745.89,3398.66
ACC00415,CUST0150,Salary,B004,2019-10-21,Yes,148111.55,9061.28
ACC00416,CUST0273,Salary,B002,2021-05-18,Yes,72578.96,47859.85
ACC00417,CUST0108,Salary,B001,2022-08-03,Yes,84504.58,44506.9
ACC00418,CUST0139,Salary,B002,2020-10-21,No,29485.29,32613.76
ACC00419,CUST0271,Salary,B001,2017-03-10,Yes,38402.52,22982.23
ACC00420,CUST0289,Current,B002,2023-06-05,No,166334.53,33788.06
ACC00421,CUST0212,Salary,B003,2019-08-02,Yes,119043.53,30930.51
ACC00422,CUST0272,Savings,B005,2019-03-13,Yes,70818.83,28427.61
ACC00423,CUST0066,Savings,B003,2023-06-02,Yes,161555.99,2958.85
ACC00424,CUST0248,Current,B003,2023-03-01,Yes,53071.38,31640.13
ACC00425,CUST0156,NRI,B005,2017-03-02,Yes,195326.38,38446.0
ACC00426,CUST0047,Savings,B005,2019-08-04,Yes,72239.43,49704.08
ACC00427,CUST0201,NRI,B004,2020-08-30,Yes,70775.64,553.93
ACC00428,CUST0148,Current,B004,2020-03-30,No,65822.82,36508.67
ACC00429,CUST0124,NRI,B003,2017-11-27,Yes,28811.75,28589.47
ACC00430,CUST0001,NRI,B003,2021-04-01,Yes,26671.74,21702.61
ACC00431,CUST0247,NRI,B001,2017-12-04,Yes,131380.48,6378.51
ACC00432,CUST0128,NRI,B001,2021-06-18,Yes,175648.02,20454.26
ACC00433,CUST0191,Current,B004,2020-08-20,Yes,159151.5,17718.86
ACC00434,CUST0067,Savings,B004,2021-03-07,Yes,32515.98,15141.49
ACC00435,CUST0004,Salary,B001,2021-08-01,No,111388.51,36543.98
ACC00436,CUST0294,NRI,B001,2020-09-23,Yes,25590.35,35036.28
ACC00437,CUST0143,Savings,B002,2021-04-23,Yes,13832.46,29451.0
ACC00438,CUST0191,Savings,B002,2017-10-02,Yes,132995.24,46933.24
ACC00439,CUST0021,Current,B001,2020-04-02,Yes,109354.71,17492.72
ACC00440,CUST0227,Savings,B002,2023-06-25,Yes,20994.62,12190.1
ACC00441,CUST0117,Current,B005,2023-09-01,Yes,11813.15,32795.17
ACC00442,CUST0142,NRI,B004,2022-06-17,Yes,198002.5,9940.7
ACC00443,CUST0039,NRI,B004,2019-05-20,Yes,10854.16,15750.53
ACC00444,CUST0252,Salary,B001,2019-10-12,Yes,91683.01,11230.12
ACC00445,CUST0207,Salary,B003,2022-03-27,Yes,103400.71,3457.68
ACC00446,CUST0210,Salary,B001,2018-08-26,Yes,27869.63,41374.94
ACC00447,CUST0115,Savings,B002,2021-12-05,Yes,37967.05,12727.03
ACC00448,CUST0225,NRI,B003,2018-11-22,Yes,73601.98,23651.38
ACC00449,CUST0134,Current,B002,2018-05-09,No,153526.8,2165.76
ACC00450,CUST0251,Salary,B005,2018-05-05,No,103881.07,34966.97
